CREATE DATABASE QUANLYPHONGKHAM
GO
USE QUANLYPHONGKHAM
SET DATEFORMAT dmy

CREATE TABLE PATIENT
(
	PATIENT_ID			INT		PRIMARY KEY,
	PATIENT_NAME			NVARCHAR(50),
	PATIENT_SEX				NVARCHAR(5),
	PATIENT_ADDRESS			NVARCHAR(100),
	PATIENT_PHONENUMBER		VARCHAR(13),
	PATIENT_DATEOFBIRTH		SMALLDATETIME
)

CREATE TABLE DRUG_STORAGE
(
	DRUG_STORAGE_ID			INT		PRIMARY KEY,
	DRUG_STORAGE_NAME		NVARCHAR(20),
)

CREATE TABLE DRUG_TYPE
(
	DRUG_TYPE_ID			INT		PRIMARY KEY,
	DRUG_TYPE_NAME			NVARCHAR(20),
	DRUG_TYPE_DESCRIPTION	NVARCHAR(100),
)

CREATE TABLE DRUG_STORAGE_TYPES
(
	DRUG_STORAGE_ID			INT,
	DRUG_TYPE_ID			INT,
	CONSTRAINT DST_DRUG_TYPE_ID_FK	FOREIGN KEY	(DRUG_TYPE_ID)	REFERENCES DRUG_TYPE(DRUG_TYPE_ID),
	CONSTRAINT DST_DRUG_STORAGE_ID_FK	FOREIGN KEY	(DRUG_STORAGE_ID)	REFERENCES DRUG_STORAGE(DRUG_STORAGE_ID)
)

CREATE TABLE DRUG
(
	DRUG_ID				INT		PRIMARY KEY,
	DRUG_TYPE_ID			INT,
	DRUG_NAME			NVARCHAR(50),
	DRUG_UNIT			NVARCHAR(20),
	DRUG_MANUFACTURER		NVARCHAR(30),
	DRUG_DESCRIPTION		NVARCHAR(100),
	DRUG_PRICE			MONEY,
	CONSTRAINT DRUG_DRUG_TYPE_ID_FK	FOREIGN KEY	(DRUG_TYPE_ID)	REFERENCES DRUG_TYPE(DRUG_TYPE_ID) ON DELETE CASCADE
)

CREATE TABLE DRUG_STORAGE_DATA
(
	DRUG_STORAGE_ID			INT,
	DRUG_ID				INT,
	DRUG_QUANTITY			INT,
	CONSTRAINT DSD_DRUG_ID_FK	FOREIGN KEY	(DRUG_ID)	REFERENCES DRUG(DRUG_ID) ON DELETE CASCADE,
	CONSTRAINT DSD_DRUG_STORAGE_ID_FK	FOREIGN KEY	(DRUG_STORAGE_ID)	REFERENCES DRUG_STORAGE(DRUG_STORAGE_ID)
)

CREATE TABLE SERVICE
(
	SERVICE_ID			INT		PRIMARY KEY,
	SERVICE_NAME			NVARCHAR(50),
	SERVICE_UNIT			NVARCHAR(20),
	SERVICE_PRICE			MONEY,
	SERVICE_DESCRIPTION		NVARCHAR(100)
)

CREATE TABLE EMPLOYEE
(
	EMPLOYEE_ID			INT		PRIMARY KEY,
	EMPLOYEE_NAME			NVARCHAR(50),
	EMPLOYEE_POSITION		NVARCHAR(20),
	USERNAME		NVARCHAR(20),
	PASSWORD		NVARCHAR(20),
)

CREATE TABLE EXAMINE
(
	EXAMINE_ID				INT		PRIMARY KEY,
	EMPLOYEE_ID				INT,
	PATIENT_ID				INT,
	CONSTRAINT	EXAMINE_EMPLOYEE_ID_FK	FOREIGN KEY	(EMPLOYEE_ID)	REFERENCES	EMPLOYEE(EMPLOYEE_ID) ON DELETE CASCADE,
	CONSTRAINT	EXAMINE_PATIENT_ID_FK	FOREIGN KEY	(PATIENT_ID)	REFERENCES	PATIENT(PATIENT_ID) ON DELETE CASCADE
)

CREATE TABLE MEDICALRECORD
(
	MEDICALRECORD_ID			INT		PRIMARY KEY,
	EXAMINE_ID				INT,
	DATE					SMALLDATETIME,
	PATIENT_TEMP			FLOAT,
	PATIENT_WEIGHT			FLOAT,
	DIAGNOSIS				NVARCHAR(300),
	NOTE					NVARCHAR(300),
	PAYMENT_STATUS			TINYINT,
	CONSTRAINT	EXAMINE_ID_FK	FOREIGN KEY	(EXAMINE_ID)	REFERENCES EXAMINE(EXAMINE_ID) ON DELETE CASCADE
)

CREATE TABLE PRESCRIPTION
(
	MEDICALRECORD_ID			INT,
	DRUG_ID					INT,
	QUANTITY				INT,
	CONSTRAINT	PRESCRIPTION_MEDICALRECORD_ID_FK	FOREIGN KEY (MEDICALRECORD_ID)	REFERENCES MEDICALRECORD(MEDICALRECORD_ID) ON DELETE CASCADE,
	CONSTRAINT	PRESCRIPTION_DRUG_ID_FK	FOREIGN KEY (DRUG_ID)	REFERENCES DRUG(DRUG_ID) ON DELETE CASCADE,
	CONSTRAINT	PRESCRIPTION_PK	PRIMARY KEY (MEDICALRECORD_ID, DRUG_ID)
)

CREATE TABLE SERVICEBILL
(
	MEDICALRECORD_ID			INT,
	SERVICE_ID				INT,
	QUANTITY				INT,
	CONSTRAINT	SERVICEBILL_MEDICALRECORD_ID_FK	FOREIGN KEY (MEDICALRECORD_ID)	REFERENCES MEDICALRECORD(MEDICALRECORD_ID) ON DELETE CASCADE,
	CONSTRAINT	SERVICEBILL_SERVICE_ID_FK	FOREIGN KEY (SERVICE_ID)	REFERENCES SERVICE(SERVICE_ID) ON DELETE CASCADE,
	CONSTRAINT	SERVICEBILL_PK	PRIMARY KEY (MEDICALRECORD_ID, SERVICE_ID),
)

CREATE TABLE PERMISSION
(
	EMPLOYEE_ID					INT,
	
	CREATE_MEDICALRECORD		TINYINT,
	REMOVE_MEDICALRECORD		TINYINT,
	MAKEPAYMENT_MEDICALRECORD	TINYINT,
	
	EDIT_EMPLOYEE			TINYINT,
	EDIT_PATIENT			TINYINT,
	EDIT_DRUG				TINYINT,
	EDIT_SERVICE			TINYINT,
	
	CONSTRAINT	PERMISSION_EMPLOYEE_ID_FK	FOREIGN KEY (EMPLOYEE_ID)	REFERENCES EMPLOYEE(EMPLOYEE_ID) ON DELETE CASCADE
)
GO
USE QUANLYPHONGKHAM
INSERT INTO PATIENT VALUES (1, 'Nguyen Van A', N'Nam', N'Hà Nội', '0123456789', '01/01/1990')
INSERT INTO PATIENT VALUES (2, 'Nguyen Van B', N'Nữ', N'Thái Nguyên', '0123456789', '26/02/2003')
INSERT INTO PATIENT VALUES (3, 'Nguyen Van C', N'Nam', N'Nam Định', '0123456789', '15/07/1966')
INSERT INTO PATIENT VALUES (4, 'Nguyen Van D', N'Nữ', N'Ninh Bình', '0123456789', '30/09/1994')
INSERT INTO PATIENT VALUES (5, 'Nguyen Van E', N'Nam', N'Nghệ An', '0123456789', '26/04/1984')
INSERT INTO PATIENT VALUES (6, 'Nguyen Van F', N'Nữ', N'Quảng Ninh', '0123456789', '30/06/2005')

INSERT INTO DRUG_STORAGE VALUES (1, 'Kho thuoc A')
INSERT INTO DRUG_STORAGE VALUES (2, 'Kho thuoc B')

INSERT INTO DRUG_TYPE VALUES (1, 'Thuoc', '')
INSERT INTO DRUG_TYPE VALUES (2, 'Thuoc bo sung', '')

INSERT INTO DRUG_STORAGE_TYPES VALUES (1, 1)
INSERT INTO DRUG_STORAGE_TYPES VALUES (2, 2)

INSERT INTO DRUG VALUES (1, 1, N'Panadol 500mg', N'Viên', 'A', '', 10000)
INSERT INTO DRUG VALUES (2, 1, N'Zinc 70mg' , N'Viên', 'B', '', 5000)
INSERT INTO DRUG VALUES (3, 2, N'Vitamin C 1000mg', N'Viên', 'C', '', 20000)
INSERT INTO DRUG VALUES (4, 2, N'Vitamin D 1000mg', N'Viên', 'D', '', 20000)

INSERT INTO DRUG_STORAGE_DATA VALUES (1, 1, 100)
INSERT INTO DRUG_STORAGE_DATA VALUES (1, 2, 100)
INSERT INTO DRUG_STORAGE_DATA VALUES (2, 3, 100)
INSERT INTO DRUG_STORAGE_DATA VALUES (2, 4, 100)

INSERT INTO SERVICE VALUES (1, N'Khám bệnh', N'Lần', 50000, '')
INSERT INTO SERVICE VALUES (2, N'Kiểm tra sức khỏe', N'Lần', 100000, '')
INSERT INTO SERVICE VALUES (3, N'Chụp X-Quang toàn thân', N'Lần', 300000, '')
INSERT INTO SERVICE VALUES (4, N'Chụp CT', N'Lần', 2000000, '')
INSERT INTO SERVICE VALUES (5, N'Nội soi dạ dày', N'Lần', 1800000, '')
INSERT INTO SERVICE VALUES (6, N'Siêu âm 2D - bụng', N'Lần', 200000, '')

INSERT INTO EMPLOYEE VALUES (0, 'Admin', 'Admin', 'admin', 'admin')
INSERT INTO EMPLOYEE VALUES (1, N'Tran Van A', N'Bác sĩ', 'tranvana', 'bacsi')
INSERT INTO EMPLOYEE VALUES (2, N'Tran Van B', N'Nhân viên', 'tranvanb', 'nhanvien')

INSERT INTO EXAMINE VALUES (1, 1, 1)
INSERT INTO EXAMINE VALUES (2, 2, 2)
INSERT INTO EXAMINE VALUES (3, 2, 3)
INSERT INTO EXAMINE VALUES (4, 2, 4)
INSERT INTO EXAMINE VALUES (5, 1, 5)
INSERT INTO EXAMINE VALUES (6, 2, 6)


INSERT INTO MEDICALRECORD VALUES (1, 1, '28/1/2023', 38.2, 60.5, 'Cam cum', '', 1)
INSERT INTO MEDICALRECORD VALUES (2, 2, '29/1/2023', 38.5, 71.2, 'Sot ret', '', 1)
INSERT INTO MEDICALRECORD VALUES (3, 3, '30/1/2023', 37.5, 55.0, 'Gay xuong', '', 1)
INSERT INTO MEDICALRECORD VALUES (4, 4, '30/1/2023', 37.8, 63.2, '', 'Yeu cau chup CT', 0)
INSERT INTO MEDICALRECORD VALUES (5, 5, '30/1/2023', 37.6, 77.8, '', 'Yeu cau chup X-quang', 0)
INSERT INTO MEDICALRECORD VALUES (6, 6, '30/1/2023', 38.3, 50.1, '', '', 0)

INSERT INTO PRESCRIPTION VALUES (1, 1, 6)
INSERT INTO PRESCRIPTION VALUES (1, 2, 6)
INSERT INTO PRESCRIPTION VALUES (2, 3, 6)
INSERT INTO PRESCRIPTION VALUES (2, 4, 6)
INSERT INTO PRESCRIPTION VALUES (3, 1, 12)

INSERT INTO SERVICEBILL VALUES (1, 1, 1)
INSERT INTO SERVICEBILL VALUES (2, 1, 1)
INSERT INTO SERVICEBILL VALUES (3, 3, 1)
INSERT INTO SERVICEBILL VALUES (4, 4, 1)
INSERT INTO SERVICEBILL VALUES (5, 3, 1)
INSERT INTO SERVICEBILL VALUES (6, 5, 1)

INSERT INTO PERMISSION VALUES (0, 1, 1, 1, 1, 1, 1, 1)
INSERT INTO PERMISSION VALUES (1, 1, 0, 0, 0, 0, 0, 0)
INSERT INTO PERMISSION VALUES (2, 0, 0, 1, 0, 0, 1, 1)