CREATE DATABASE QUANLYPHONGKHAM
GO
USE QUANLYPHONGKHAM

CREATE TABLE PATIENT
(
	PATIENT_ID			INT		PRIMARY KEY,
	PATIENT_NAME			NVARCHAR(50),
	PATIENT_SEX				NVARCHAR(5),
	PATIENT_ADDRESS			NVARCHAR(100),
	PATIENT_PHONENUMBER		VARCHAR(13),
	PATIENT_DATEOFBIRTH		SMALLDATETIME
)

CREATE TABLE DRUG_TYPE
(
	DRUG_TYPE_ID			INT		PRIMARY KEY,
	DRUG_TYPE_NAME			NVARCHAR(20),
	DRUG_TYPE_DESCRIPTION	NVARCHAR(100),
)

CREATE TABLE DRUG
(
	DRUG_ID				INT		PRIMARY KEY,
	DRUG_TYPE_ID			INT,
	DRUG_NAME			NVARCHAR(50),
	DRUG_UNIT			NVARCHAR(20),
	DRUG_MANUFACTURER		NVARCHAR(30),
	DRUG_DESCRIPTION		NVARCHAR(100),
	DRUG_PRICE			MONEY,
	CONSTRAINT DRUG_DRUG_TYPE_ID_FK	FOREIGN KEY	(DRUG_TYPE_ID)	REFERENCES DRUG_TYPE(DRUG_TYPE_ID) ON DELETE CASCADE
)

CREATE TABLE SERVICE
(
	SERVICE_ID			INT		PRIMARY KEY,
	SERVICE_NAME			NVARCHAR(50),
	SERVICE_UNIT			NVARCHAR(20),
	SERVICE_PRICE			MONEY,
	SERVICE_DESCRIPTION		NVARCHAR(100)
)

CREATE TABLE EMPLOYEE
(
	EMPLOYEE_ID			INT		PRIMARY KEY,
	EMPLOYEE_NAME			NVARCHAR(50),
	EMPLOYEE_POSITION		NVARCHAR(20),
	USERNAME		NVARCHAR(20),
	PASSWORD		NVARCHAR(128),
)

CREATE TABLE EXAMINE
(
	EXAMINE_ID				INT		PRIMARY KEY,
	EMPLOYEE_ID				INT,
	PATIENT_ID				INT,
	CONSTRAINT	EXAMINE_EMPLOYEE_ID_FK	FOREIGN KEY	(EMPLOYEE_ID)	REFERENCES	EMPLOYEE(EMPLOYEE_ID) ON DELETE CASCADE,
	CONSTRAINT	EXAMINE_PATIENT_ID_FK	FOREIGN KEY	(PATIENT_ID)	REFERENCES	PATIENT(PATIENT_ID) ON DELETE CASCADE
)

CREATE TABLE MEDICALRECORD
(
	MEDICALRECORD_ID			INT		PRIMARY KEY,
	EXAMINE_ID				INT,
	DATE					SMALLDATETIME,
	PATIENT_TEMP			FLOAT,
	PATIENT_WEIGHT			FLOAT,
	DIAGNOSIS				NVARCHAR(300),
	NOTE					NVARCHAR(300),
	PAYMENT_STATUS			TINYINT,
	CONSTRAINT	EXAMINE_ID_FK	FOREIGN KEY	(EXAMINE_ID)	REFERENCES EXAMINE(EXAMINE_ID) ON DELETE CASCADE
)

CREATE TABLE PRESCRIPTION
(
	MEDICALRECORD_ID			INT,
	DRUG_ID					INT,
	QUANTITY				INT,
	CONSTRAINT	PRESCRIPTION_MEDICALRECORD_ID_FK	FOREIGN KEY (MEDICALRECORD_ID)	REFERENCES MEDICALRECORD(MEDICALRECORD_ID) ON DELETE CASCADE,
	CONSTRAINT	PRESCRIPTION_DRUG_ID_FK	FOREIGN KEY (DRUG_ID)	REFERENCES DRUG(DRUG_ID) ON DELETE CASCADE,
	CONSTRAINT	PRESCRIPTION_PK	PRIMARY KEY (MEDICALRECORD_ID, DRUG_ID)
)

CREATE TABLE SERVICEBILL
(
	MEDICALRECORD_ID			INT,
	SERVICE_ID				INT,
	QUANTITY				INT,
	CONSTRAINT	SERVICEBILL_MEDICALRECORD_ID_FK	FOREIGN KEY (MEDICALRECORD_ID)	REFERENCES MEDICALRECORD(MEDICALRECORD_ID) ON DELETE CASCADE,
	CONSTRAINT	SERVICEBILL_SERVICE_ID_FK	FOREIGN KEY (SERVICE_ID)	REFERENCES SERVICE(SERVICE_ID) ON DELETE CASCADE,
	CONSTRAINT	SERVICEBILL_PK	PRIMARY KEY (MEDICALRECORD_ID, SERVICE_ID),
)

CREATE TABLE PERMISSION
(
	EMPLOYEE_ID					INT,
	
	CREATE_MEDICALRECORD		TINYINT,
	REMOVE_MEDICALRECORD		TINYINT,
	MAKEPAYMENT_MEDICALRECORD	TINYINT,
	
	EDIT_EMPLOYEE			TINYINT,
	EDIT_PATIENT			TINYINT,
	EDIT_DRUG				TINYINT,
	EDIT_SERVICE			TINYINT,
	
	CONSTRAINT	PERMISSION_EMPLOYEE_ID_FK	FOREIGN KEY (EMPLOYEE_ID)	REFERENCES EMPLOYEE(EMPLOYEE_ID) ON DELETE CASCADE
)
GO

--Benh nhan
INSERT INTO PATIENT VALUES (1, N'Nguyễn Văn A', N'Nam', N'Hà Nội', '0123456789', '01/01/1990')
INSERT INTO PATIENT VALUES (2, N'Le Ngoc B', N'Nữ', N'Thái Nguyên', '0123456789', '02/28/2003')
INSERT INTO PATIENT VALUES (3, N'Nguyễn Văn C', N'Nam', N'Nam Định', '0123456789', '07/15/1966')
INSERT INTO PATIENT VALUES (4, N'Do Thị T', N'Nữ', N'Kiên Giang', '0123456789', '09/30/1975')
INSERT INTO PATIENT VALUES (5, N'Nguyễn Văn E', N'Nam', N'Nghệ An', '0123456789', '04/26/1984')
INSERT INTO PATIENT VALUES (6, N'Le A', N'Nữ', N'Tiền Giang', '0123456789', '02/02/1975')
INSERT INTO PATIENT VALUES (7, N'Nguyễn Văn G', N'Nam', N'Quảng Ninh', '0123456789', '08/30/1945')
INSERT INTO PATIENT VALUES (8, N'Lil Messy', N'Nam', N'Hưng Yên', '0123456789', '09/30/1986')
INSERT INTO PATIENT VALUES (9, N'Nguyễn Thị D', N'Nữ', N'Quảng Ninh', '0123456789', '05/30/1972')
INSERT INTO PATIENT VALUES (10, N'Lê Thị Diễm M', N'Nữ', N'Kiên Giang', '0123456789', '02/22/1986')
INSERT INTO PATIENT VALUES (11, N'Nguyễn Cong Phuong', N'Nữ', N'Quảng Ngãi', '0123456789', '05/30/1954')
INSERT INTO PATIENT VALUES (12, N'Peter Cheek', N'Nam', N'Quảng Ninh', '0123456789', '04/30/1975')
INSERT INTO PATIENT VALUES (13, N'Nguyễn Văn E', N'Nam', N'Quảng Trị', '0123456789', '03/30/1988')
INSERT INTO PATIENT VALUES (14, N'Que Ngoc Hai', N'Nam', N'Tiền Giang', '0123456789', '09/30/2005')
INSERT INTO PATIENT VALUES (15, N'Phan Thị Lan A', N'Nữ', N'Hưng Yên', '0123456789', '03/30/1952')
INSERT INTO PATIENT VALUES (16, N'Nguyễn Văn F', N'Nam', N'Hưng Yên', '0123456789', '06/30/1972')
INSERT INTO PATIENT VALUES (17, N'Luong Thị Thu H', N'Nữ', N'Quảng Ninh', '0123456789', '03/01/1994')
INSERT INTO PATIENT VALUES (18, N'Pham Thị Lan A', N'Nữ', N'Thái Nguyên', '0123456789', '02/26/2005')
INSERT INTO PATIENT VALUES (19, N'Nguyen Le G', N'Nam', N'Đồng Tháp', '0123456789', '06/30/1954')
INSERT INTO PATIENT VALUES (20, N'Pham Hai Y', N'Nữ', N'Thái Nguyên', '0123456789', '02/15/2005')
INSERT INTO PATIENT VALUES (21, N'Tran Thị Thu X', N'Nữ', N'Quảng Trị', '0123456789', '08/30/1986')
INSERT INTO PATIENT VALUES (22, N'Nguyễn Văn E', N'Nam', N'Kiên Giang', '0123456789', '08/30/1952')
INSERT INTO PATIENT VALUES (23, N'Trần Văn A', N'Nam', N'Hà Nội', '0123456789', '01/01/1990')
INSERT INTO PATIENT VALUES (24, N'Tran Thị Thuy T', N'Nữ', N'Thái Nguyên', '0123456789', '02/01/1999')
INSERT INTO PATIENT VALUES (25, N'Nguyễn Văn C', N'Nam', N'Nam Định', '0123456789', '01/15/1966')
INSERT INTO PATIENT VALUES (26, N'Lai Văn D', N'Nam', N'Bình Định', '0123456789', '09/30/1994')
INSERT INTO PATIENT VALUES (27, N'Phan Văn E', N'Nam', N'Nghệ An', '0123456789', '01/26/1984')
INSERT INTO PATIENT VALUES (28, N'Duong Doan H', N'Nữ', N'Quảng Trị', '0123456789', '06/30/1954')
INSERT INTO PATIENT VALUES (29, N'Nguyen Văn G', N'Nữ', N'Thai Binh', '0123456789', '03/30/2005')
INSERT INTO PATIENT VALUES (30, N'Tran Văn D', N'Nữ', N'Quảng Ninh', '0123456789', '09/30/1952')
INSERT INTO PATIENT VALUES (31, N'Nguyễn Văn G', N'Nữ', N'Sóc Trăng', '0123456789', '03/30/1986')
INSERT INTO PATIENT VALUES (32, N'Trần  G', N'Nữ', N'Quảng Ninh', '0123456789', '06/30/2005')
INSERT INTO PATIENT VALUES (33, N'Nguyễn G', N'Nam', N'Quảng Trị', '0123456789', '01/30/1994')
INSERT INTO PATIENT VALUES (34, N'Ha Ry Ken', N'Nam', N'Sóc Trăng', '0123456789', '10/30/1988')
INSERT INTO PATIENT VALUES (35, N'Nguyễn Văn G', N'Nam', N'Bình Định', '0123456789', '01/30/1994')
INSERT INTO PATIENT VALUES (36, N'Lê Văn Đỗ Kỵ', N'Nam', N'Ca Mau', '0123456789', '07/30/1992')
INSERT INTO PATIENT VALUES (37, N'Nguyễn Ngọc G', N'Nữ', N'Đồng Tháp', '0123456789', '07/30/1999')
INSERT INTO PATIENT VALUES (38, N'Văn Thị Phương T', N'Nữ', N'Tiền Giang', '0123456789', '06/12/1992')
INSERT INTO PATIENT VALUES (39, N'Le Thị G', N'Nữ', N'Hà Nội', '0123456789', '01/11/2005')
INSERT INTO PATIENT VALUES (40, N'Trần Thị Thu H', N'Nữ', N'Hòa Bình', '0123456789', '05/30/1952')
INSERT INTO PATIENT VALUES (41, N'Cristian Rodi', N'Nam', N'Quảng Ninh', '0123456789', '06/20/2005')
INSERT INTO PATIENT VALUES (42, N'Van Thị Phuong T', N'Nữ', N'Bình Định', '0123456789', '05/30/1974')
INSERT INTO PATIENT VALUES (43, N'RaHeem G', N'Nữ', N'Quảng Ninh', '0123456789', '09/05/2005')
INSERT INTO PATIENT VALUES (44, N'Nguyễn Văn T', N'Nam', N'Hà Tĩnh', '0123456789', '06/30/2005')
INSERT INTO PATIENT VALUES (45, N'Cristian', N'Nam', N'Hà Nội', '0123456789', '01/01/1990')
INSERT INTO PATIENT VALUES (46, N'Nguyễn Thị B', N'Nữ', N'Thái Nguyên', '0123456789', '07/26/1992')
INSERT INTO PATIENT VALUES (47, N'Nguyễn Văn C', N'Nam', N'Nam Định', '0123456789', '03/15/1966')
INSERT INTO PATIENT VALUES (48, N'Do Thi D', N'Nữ', N'Ninh Bình', '0123456789', '03/07/1994')
INSERT INTO PATIENT VALUES (49, N'Nguyễn Văn E', N'Nam', N'Nghệ An', '0123456789', '03/10/1984')
INSERT INTO PATIENT VALUES (50, N'Le Thi Thanh N', N'Nữ', N'Quảng Ninh', '0123456789', '05/08/2005')
INSERT INTO PATIENT VALUES (51, N'Nguyễn Van G', N'Nam', N'Thái Nguyênh', '0123456789', '07/15/1974')
INSERT INTO PATIENT VALUES (52, N'Le Thi Thuy V', N'Nữ', N'Quảng Ninh', '0123456789', '06/17/2005')
INSERT INTO PATIENT VALUES (53, N'Nguyễn Văn G', N'Nam', N'Cao Bằng', '0123456789', '06/15/2005')
INSERT INTO PATIENT VALUES (54, N'Phan Thị G', N'Nữ', N'Đồng Tháp', '0123456789', '03/25/2000')
INSERT INTO PATIENT VALUES (55, N'Nguyễn Văn G', N'Nam', N'Thai Binh', '0123456789', '06/12/1992')
INSERT INTO PATIENT VALUES (56, N'Nguyễn Thi Linh N', N'Nữ', N'Sóc Trăng', '0123456789', '12/22/2023')
INSERT INTO PATIENT VALUES (57, N'Trần Thị B', N'Nữ', N'Quảng Ninh', '0123456789', '06/25/2000')
INSERT INTO PATIENT VALUES (58, N'Phạm Văn K', N'Nam', N'Quảng Ninh', '0123456789', '04/30/2005')
INSERT INTO PATIENT VALUES (59, N'John Tyrones', N'Nam', N'Thái Nguyên', '0123456789', '07/30/1999')
INSERT INTO PATIENT VALUES (60, N'Nguyễn Văn M', N'Nam', N'Quảng Trị', '0123456789', '04/30/1988')
INSERT INTO PATIENT VALUES (61, N'Tran Ngoc N', N'Nữ', N'Quảng Ninh', '0123456789', '04/30/1999')
INSERT INTO PATIENT VALUES (62, N'SupaChok', N'Nam', N'Sóc Trăng', '0123456789', '06/30/2005')
INSERT INTO PATIENT VALUES (63, N'Nguyễn Ngoc Thanh A', N'Nữ', N'Quảng Ninh', '0123456789', '12/06/2023')
INSERT INTO PATIENT VALUES (64, N'Đỗ Văn G', N'Nam', N'Quảng Ninh', '0123456789', '04/05/2005')
INSERT INTO PATIENT VALUES (65, N'Lại Thị T', N'Nữ', N'Quảng Trị', '0123456789', '06/09/1988')
INSERT INTO PATIENT VALUES (66, N'Nguyễn F', N'Nam', N'Quảng Ninh', '0123456789', '11/30/2005')

--Thêm DRUG_TYPE
INSERT INTO DRUG_TYPE VALUES (1, N'Dược', '')
INSERT INTO DRUG_TYPE VALUES (2, N'Thực phẩm chức năng', '')
INSERT INTO DRUG_TYPE VALUES (3, N'Chăm sóc sức khỏe', '')
INSERT INTO DRUG_TYPE VALUES (4, N'Dụng cụ y khoa', '')
INSERT INTO DRUG_TYPE VALUES (5, N'Sản phẩm sản phụ', '')
INSERT INTO DRUG_TYPE VALUES (6, N'Mỹ phẩm', '')

--Thuốc Dược id 
INSERT INTO DRUG VALUES (1, 1, N'Lidocain 40mg', N'Ống', 'A', '', 438)
INSERT INTO DRUG VALUES (2, 1, N'Zinc 70mg' , N'Viên', 'B', '', 400)
INSERT INTO DRUG VALUES (3, 1, N'Philrogam', N'Viên', 'C', '', 270)
INSERT INTO DRUG VALUES (4, 1, N'Diclofenac', N'Ống 3ml', 'D', '', 500)
INSERT INTO DRUG VALUES (5, 1, N'Paracetamol Kabi 1000', N'Lọ 100ml', 'D', '', 18000)
INSERT INTO DRUG VALUES (6, 1, N'Panalganeffer 500', N'Viên', 'D', '', 545)
INSERT INTO DRUG VALUES (7, 1, N'Byralen 500', N'Viên', 'D', '', 70)
INSERT INTO DRUG VALUES (8, 1, N'Acepron 250 mg', N'Viên', 'D', '', 231)
INSERT INTO DRUG VALUES (9, 1, N'Vitamin D 1000mg', N'Viên', 'D', '', 543)
INSERT INTO DRUG VALUES (10, 1, N'Fenidel', N'Viên', 'D', '', 90)

--Thuốc thực phẩm chức năng
INSERT INTO DRUG VALUES (11, 2, N'Swisse Ultiboost Cranberryg', N'Hộp', 'A', '', 459000)
INSERT INTO DRUG VALUES (12, 2, N'Krokos Kozanis Pdo', N'Hộp', 'A', '', 340000)
INSERT INTO DRUG VALUES (13, 2, N'FoUTI', N'Hộp', 'A', '', 74000)
INSERT INTO DRUG VALUES (14, 2, N'Bewel VeinWel', N'Hộp', 'A', '', 294000)
INSERT INTO DRUG VALUES (15, 2, N'Bewel VeinWel 2', N'Hộp', 'A', '', 500000)
--Thuốc chăm sóc sức khỏe
INSERT INTO DRUG VALUES (16, 3, N'Bông y tế thấm nước Bạch Tuyết', N'Hộp', 'A', '', 20000)
INSERT INTO DRUG VALUES (17, 3, N'Băng cá nhân Urgo Washproof Large', N'Hộp', 'A', '', 42000)
INSERT INTO DRUG VALUES (18, 3, N'Xịt tạo màng', N'Bình', 'A', '', 70000)
---Thuốc cho sản phụ
INSERT INTO DRUG VALUES (19, 4, N'Kem ngừa rạn da Preggers', N'Tuýp', 'C', '', 380000)
INSERT INTO DRUG VALUES (20, 4, N'Fertility & Ovulation Fertilla ', N'Hộp', 'A', '', 380000)
INSERT INTO DRUG VALUES (21, 4, N'Folic Acid', N'Hộp', 'A', '', 270000)
--Thuốc mỹ phẩm
INSERT INTO DRUG VALUES (22, 5, N'Gel Dưỡng Ẩm Clinique', N'Hộp', 'D', '', 1300000)
INSERT INTO DRUG VALUES (23, 5, N'Dầu tẩy trang FANCL Mild Cleansing Oil', N'Bình', 'B', '', 600000)
INSERT INTO DRUG VALUES (24, 5, N'Hydra-Cool Serum', N'Bình', 'A', '', 3000000)
--Dụng cụ y khoa
INSERT INTO DRUG VALUES (25, 6, N'Bộ xét nghiệm Covid', N'Bộ', 'B', '', 81000)
INSERT INTO DRUG VALUES (26, 6, N'Nhiệt kế hồng ngoại Kachi JXB-315', N'Cái', 'B', '', 70000)
INSERT INTO DRUG VALUES (27, 6, N'Máy đo huyết áp Kachi MK167', N'Bình', 'B', '', 790000)

-- Dịch vụ
INSERT INTO SERVICE VALUES (1, N'Khám nội', N'Lần', 200000, '')
INSERT INTO SERVICE VALUES (2, N'Khám da liễu', N'Lần', 200000, '')
INSERT INTO SERVICE VALUES (3, N'Khám măt', N'Lần', 200000, '')
INSERT INTO SERVICE VALUES (4, N'Khám ngoại', N'Lần', 200000, '')
INSERT INTO SERVICE VALUES (5, N'Khám tai mũi họng', N'Lần', 200000, '')
INSERT INTO SERVICE VALUES (6, N'Khám phụ sản', N'Lần', 300000, '')
INSERT INTO SERVICE VALUES (7, N'Khám phụ khoa', N'Lần', 300000, '')
INSERT INTO SERVICE VALUES (8, N'Khám khám nội chuyên khoa', N'Lần', 200000, '')
INSERT INTO SERVICE VALUES (9, N'Khám nhi', N'Lần', 400000, '')
INSERT INTO SERVICE VALUES (10, N'Định nhóm máu ABO rh', N'Lần', 150000, '')
INSERT INTO SERVICE VALUES (11, N'Định lượng Glucose', N'Lần', 81000, '')
INSERT INTO SERVICE VALUES (12, N'Định lượng Ure', N'Lần', 81000, '')
INSERT INTO SERVICE VALUES (13, N'Định lượng Acid Uric', N'Lần', 81000, '')
INSERT INTO SERVICE VALUES (14, N'Định lượng Cholesterol toan phan', N'Lần', 81000, '')
INSERT INTO SERVICE VALUES (15, N'Định lượng Triglycerid', N'Lần', 81000, '')
INSERT INTO SERVICE VALUES (16, N'Định lượng Creatinin', N'Lần', 81000, '')
INSERT INTO SERVICE VALUES (17, N'Định lượng Glucose', N'Lần', 81000, '')
INSERT INTO SERVICE VALUES (18, N'Định lượng Glucose', N'Lần', 81000, '')
INSERT INTO SERVICE VALUES (19, N'Tổng phân tích tế bào ngoại vi', N'Lần', 138000, '')

INSERT INTO SERVICE VALUES (20, N'Chụp Xquang', N'Lần', 240000, 'Chụp Xquang ngực thẳng, cột sống, tiếp tuyến, tuyến vú,...')
INSERT INTO SERVICE VALUES (21, N'Chụp cắt lớp', N'Lần', 1500000, 'Chụp CT Scanner cột sống ngực, thắt lưng, (tùy chọn tiêm thuốc căn quang)')
INSERT INTO SERVICE VALUES (22, N'Điện tim đồ', N'Lần', 120000, 'Điện tim thường, điện tiêm 12 chuyển đạo')
INSERT INTO SERVICE VALUES (23, N'Ghi điện não đồ', N'Lần', 270000, '')
INSERT INTO SERVICE VALUES (24, N'Chup cộng hưởng từ', N'Lần', 2400000, 'Cộng hưởng từ vòng mắt, cột sống cổ , sọ não, ...')
INSERT INTO SERVICE VALUES (25, N'Nội soi dạ dày', N'Lần', 1200000, '')
INSERT INTO SERVICE VALUES (26, N'Nội soi trực tràng', N'Lần', 1500000, '')

INSERT INTO SERVICE VALUES (27, N'Siêu âm tổng quát 2D', N'Lần', 240000, '')
INSERT INTO SERVICE VALUES (28, N'Siêu âm tổng quát 4D', N'Lần', 420000, '')
INSERT INTO SERVICE VALUES (29, N'Khám sức khỏe tổng quan ', N'Lần', 3100000, '')
INSERT INTO SERVICE VALUES (30, N'Đặt vòng tránh thai', N'Lần', 1000000, '')
INSERT INTO SERVICE VALUES (31, N'Cấy que tránh thai', N'Lần', 2500000, '')
INSERT INTO SERVICE VALUES (32, N'Khám sức khỏe tiền hôn nhân', N'Lần', 1500000, '')
INSERT INTO SERVICE VALUES (33, N'Nhổ răng hàm', N'Lần', 700000, '')

--Thêm data EMPLOYEE

INSERT INTO EMPLOYEE VALUES (0, 'Admin', 'Admin', 'admin', '2241224290212381311792231031409724444107218')
INSERT INTO EMPLOYEE VALUES (1, N'Tran Van A', N'Bác sĩ', 'tranvana', '2011761812531121872021333612513264127105187')
INSERT INTO EMPLOYEE VALUES (2, N'Nguyễn Tuấn B', N'Bác sĩ', 'nguyentuanb', '199202230153174220217911591711811221416018646')
INSERT INTO EMPLOYEE VALUES (3, N'Lê Văn C', N'Quản lý', 'levanc', '15024624297964951882121605718637319072')
INSERT INTO EMPLOYEE VALUES (4, N'Phạm Thanh D', N'Thu ngân', 'tranvand', '961851571446318017910313814413289116368235')

--Thêm data EXAMINE
INSERT INTO EXAMINE VALUES(1,1,1)
INSERT INTO EXAMINE VALUES(2,1,2)
INSERT INTO EXAMINE VALUES(3,1,3)
INSERT INTO EXAMINE VALUES(4,2,4)
INSERT INTO EXAMINE VALUES(5,2,5)
INSERT INTO EXAMINE VALUES(6,2,6)
INSERT INTO EXAMINE VALUES(7,2,7)
INSERT INTO EXAMINE VALUES(8,2,8)
INSERT INTO EXAMINE VALUES(9,1,9)
INSERT INTO EXAMINE VALUES(10,2,10)
INSERT INTO EXAMINE VALUES(11,2,11)
INSERT INTO EXAMINE VALUES(12,2,12)
INSERT INTO EXAMINE VALUES(13,1,12)
INSERT INTO EXAMINE VALUES(14,2,14)
INSERT INTO EXAMINE VALUES(15,1,15)
INSERT INTO EXAMINE VALUES(16,1,16)
INSERT INTO EXAMINE VALUES(17,1,17)
INSERT INTO EXAMINE VALUES(18,1,18)
INSERT INTO EXAMINE VALUES(19,1,19)
INSERT INTO EXAMINE VALUES(20,1,20)
INSERT INTO EXAMINE VALUES(21,2,21)
INSERT INTO EXAMINE VALUES(22,2,22)
INSERT INTO EXAMINE VALUES(23,2,23)
INSERT INTO EXAMINE VALUES(24,2,24)
INSERT INTO EXAMINE VALUES(25,2,25)
INSERT INTO EXAMINE VALUES(26,2,26)
INSERT INTO EXAMINE VALUES(27,2,27)
INSERT INTO EXAMINE VALUES(28,2,28)
INSERT INTO EXAMINE VALUES(29,2,29)
INSERT INTO EXAMINE VALUES(30,2,30)
INSERT INTO EXAMINE VALUES(31,2,31)
INSERT INTO EXAMINE VALUES(32,1,32)
INSERT INTO EXAMINE VALUES(33,1,33)
INSERT INTO EXAMINE VALUES(34,1,34)
INSERT INTO EXAMINE VALUES(35,1,35)
INSERT INTO EXAMINE VALUES(36,1,36)
INSERT INTO EXAMINE VALUES(37,1,37)
INSERT INTO EXAMINE VALUES(38,1,38)
INSERT INTO EXAMINE VALUES(39,1,39)
INSERT INTO EXAMINE VALUES(40,1,40)
INSERT INTO EXAMINE VALUES(41,1,41)
INSERT INTO EXAMINE VALUES(42,1,42)
INSERT INTO EXAMINE VALUES(43,1,43)
INSERT INTO EXAMINE VALUES(44,1,44)
INSERT INTO EXAMINE VALUES(45,2,45)
INSERT INTO EXAMINE VALUES(46,2,46)
INSERT INTO EXAMINE VALUES(47,2,47)
INSERT INTO EXAMINE VALUES(48,2,48)
INSERT INTO EXAMINE VALUES(49,2,49)
INSERT INTO EXAMINE VALUES(50,2,50)
INSERT INTO EXAMINE VALUES(51,2,51)
INSERT INTO EXAMINE VALUES(52,2,52)
INSERT INTO EXAMINE VALUES(53,2,53)
INSERT INTO EXAMINE VALUES(54,2,54)
INSERT INTO EXAMINE VALUES(55,2,55)
INSERT INTO EXAMINE VALUES(56,1,56)
INSERT INTO EXAMINE VALUES(57,1,57)
INSERT INTO EXAMINE VALUES(58,1,58)
INSERT INTO EXAMINE VALUES(59,1,59)
INSERT INTO EXAMINE VALUES(60,1,60)
INSERT INTO EXAMINE VALUES(61,1,61)
INSERT INTO EXAMINE VALUES(62,1,62)
INSERT INTO EXAMINE VALUES(63,1,63)
INSERT INTO EXAMINE VALUES(64,1,64)
INSERT INTO EXAMINE VALUES(65,1,65)
INSERT INTO EXAMINE VALUES(66,1,66)

--Thêm data MEDICALRECORD
INSERT INTO MEDICALRECORD VALUES(1, 1, '1/29/2022', 38.2, 80, N'Cảm cúm', N'', 0)
INSERT INTO MEDICALRECORD VALUES(2, 2, '1/29/2023', 38.5, 56, N'Sốt rét', N'', 0)
INSERT INTO MEDICALRECORD VALUES(3, 3, '1/30/2022', 37.3, 82, N'', N'Yêu cầu chụp CT', 0)
INSERT INTO MEDICALRECORD VALUES(4, 4, '1/30/2022', 37.5, 80, N'', N'Yêu cầu chụp X-Quang', 0)
INSERT INTO MEDICALRECORD VALUES(5, 5, '1/30/2023', 37.7, 92, N'Gãy xương', N'', 0)
INSERT INTO MEDICALRECORD VALUES(6, 6, '1/30/2022', 37.6, 72, N'Cảm cúm', N'', 0)
INSERT INTO MEDICALRECORD VALUES(7, 7, '1/30/2022', 37.5, 80, N'Cảm cúm', N'', 0)
INSERT INTO MEDICALRECORD VALUES(8, 8, '1/31/2022', 37.9, 75, N'Hạ canxi máu', N'', 0)
INSERT INTO MEDICALRECORD VALUES(9, 9, '1/31/2023', 37.3, 77, N'Tiểu đường tuýp 1', N'', 0)
INSERT INTO MEDICALRECORD VALUES(10, 10, '1/31/2022', 37.4, 55, N'Hạ đường huyết ', N'', 1)
INSERT INTO MEDICALRECORD VALUES(11, 11, '1/31/2022', 37.2, 52, N'Tương tư', '', 0)
INSERT INTO MEDICALRECORD VALUES(12, 12, '1/31/2023', 37.3, 67, N'', N'Yêu cầu xét nghiệm máu', 0)
INSERT INTO MEDICALRECORD VALUES(13, 13, '2/1/2023', 37.2, 65, N'Sốt xuất huyết', N'Yêu cầu xét nghiệm máu', 0)
INSERT INTO MEDICALRECORD VALUES(14, 14, '2/1/2023', 38.1, 77, N'Sốt rét', N'', 0)
INSERT INTO MEDICALRECORD VALUES(15, 15, '2/1/2022', 37.7, 72, N'', N'Yêu cầu chụp CT', 0)
INSERT INTO MEDICALRECORD VALUES(16, 16, '2/2/2022', 37.9, 73, N'Suy thận', N'', 0)
INSERT INTO MEDICALRECORD VALUES(17, 17, '2/2/2023', 37.5, 90, N'Viêm gan B', N'', 0)
INSERT INTO MEDICALRECORD VALUES(18, 18, '2/2/2022', 37.3, 56, N'Bệnh lâu năm mà giấu', N'', 0)
INSERT INTO MEDICALRECORD VALUES(19, 19, '2/2/2023', 37.6, 92,N'Cảm cúm', N'', 0)
INSERT INTO MEDICALRECORD VALUES(20, 20, '2/3/2022', 37.4,84, N'Cảm, ho nhẹ', N'', 0)
INSERT INTO MEDICALRECORD VALUES(21, 21, '2/3/2023', 37.7, 83, N'Viêm họng cấp', N'', 1)
INSERT INTO MEDICALRECORD VALUES(22, 22, '2/4/2023', 37.8, 72, N'', N'Yêu cầu chụp X-Quang', 0)
INSERT INTO MEDICALRECORD VALUES(23, 23, '2/4/2023', 37.7, 71, N'Viêm xoang mũi', N'', 0)
INSERT INTO MEDICALRECORD VALUES(24, 24, '2/4/2023', 37.9, 120, N'Máu nhiễm mỡ', N'', 0)
INSERT INTO MEDICALRECORD VALUES(25, 25, '2/4/2023', 37.5, 67, N'Tiểu đường tuýp 2', N'', 0)
INSERT INTO MEDICALRECORD VALUES(26, 26, '2/4/2023', 37.4, 68, N'', N'Xét nghiệm nước tiểu', 0)
INSERT INTO MEDICALRECORD VALUES(27, 27, '2/4/2023', 37.7, 60, N'Tràn dịch màng phổi', N'', 0)
INSERT INTO MEDICALRECORD VALUES(28, 28, '2/4/2023', 37.6, 60, N'Sâu răng', N'', 0)
INSERT INTO MEDICALRECORD VALUES(29, 29, '2/5/2022', 37.3, 96, N'Viêm đường hô hấp loại 3', N'', 0)
INSERT INTO MEDICALRECORD VALUES(30, 30, '2/5/2023', 37.5, 64, N'Gãy xương sườn 9, 11', N'Yêu cầu chụp CT', 0)
INSERT INTO MEDICALRECORD VALUES(31, 31, '2/5/2023', 37.2, 73, N'Gãy ngón tay 2 đốt 3', N'', 1)
INSERT INTO MEDICALRECORD VALUES(32, 32, '2/5/2023', 37.9, 45, N'Sốt nhẹ', N'', 0)
INSERT INTO MEDICALRECORD VALUES(33, 33, '2/5/2022', 37.3, 49, N'Cảm cúm', N'', 0)
INSERT INTO MEDICALRECORD VALUES(34, 34, '2/6/2023', 38.5, 68, N'Sốt rét', N'', 0)
INSERT INTO MEDICALRECORD VALUES(35, 35, '2/6/2023', 37.8, 60, N'Viêm họng', N'', 0)
INSERT INTO MEDICALRECORD VALUES(36, 36, '2/6/2023', 37.3, 80, N'Gãy cánh tay', N'', 0)
INSERT INTO MEDICALRECORD VALUES(37, 37, '2/6/2023', 37.4, 65, N'Cảm cúm', N'', 0)
INSERT INTO MEDICALRECORD VALUES(38, 38, '2/7/2023', 37.3, 55, N'Nhứt nhứt cái đầu', N'', 0)
INSERT INTO MEDICALRECORD VALUES(39, 39, '2/7/2023', 37.6, 88, N'Cảm cúm, có sốt nhẹ', N'', 0)
INSERT INTO MEDICALRECORD VALUES(40, 40, '2/7/2023', 37.3, 70, N'Ho, viêm họng nhẹ', N'', 0)
INSERT INTO MEDICALRECORD VALUES(41, 41, '2/7/2023', 37.8, 77, N'', N'Yêu cầu chụp X-Quang', 0)
INSERT INTO MEDICALRECORD VALUES(42, 42, '2/7/2023', 38.4, 83, N'Sốt rét', N'', 0)
INSERT INTO MEDICALRECORD VALUES(43, 43, '2/8/2023', 37.3, 88, N'Cảm cúm', N'', 0)
INSERT INTO MEDICALRECORD VALUES(44, 44, '2/8/2022', 37.6, 62, N'Hạ đường huyết', N'', 0)
INSERT INTO MEDICALRECORD VALUES(45, 45, '2/8/2022', 37.7, 54, N'Trào dịch dạ dày', N'', 0)
INSERT INTO MEDICALRECORD VALUES(46, 46, '2/8/2022', 37.3, 93, N'Tiêu chảy', N'', 0)
INSERT INTO MEDICALRECORD VALUES(47, 47, '2/8/2023', 37.8, 60, N'Tiêu chảy, sốt', N'', 0)
INSERT INTO MEDICALRECORD VALUES(48, 48, '2/9/2022', 37.5, 44, N'Hạ đường huyết', N'', 0)
INSERT INTO MEDICALRECORD VALUES(49, 49, '2/9/2023', 37.7, 54, N'Cảm cúm', N'', 0)
INSERT INTO MEDICALRECORD VALUES(50, 50, '2/9/2023', 37.3, 55, N'Cảm cúm', N'', 0)
INSERT INTO MEDICALRECORD VALUES(51, 51, '2/9/2022', 37.6, 98, N'', N'Yêu cầu chụp CT', 0)
INSERT INTO MEDICALRECORD VALUES(52, 52, '2/9/2023', 37.8, 64, N'Trào dịch dạ dày', N'', 0)
INSERT INTO MEDICALRECORD VALUES(53, 53, '2/9/2022', 37.8, 63, N'Viêm đường hô hấp cấp', N'', 0)
INSERT INTO MEDICALRECORD VALUES(54, 54, '2/9/2023', 38.7, 60, N'Sốt rét', N'', 0)
INSERT INTO MEDICALRECORD VALUES(55, 55, '2/9/2022', 37.4, 78, N'Hạ đường huyết', N'', 0)
INSERT INTO MEDICALRECORD VALUES(56, 56, '2/9/2023', 37.2, 80, N'Hạ đường huyết', N'', 0)
INSERT INTO MEDICALRECORD VALUES(57, 57, '2/10/2022', 37.7, 65, N'Cảm cúm', N'', 0)
INSERT INTO MEDICALRECORD VALUES(58, 58, '2/10/2023', 37.7, 76, N'Sốt xuất huyết', N'Yêu cầu xét nghiệm máu', 0)
INSERT INTO MEDICALRECORD VALUES(59, 59, '2/10/2023', 37.3, 87, N'Gãy tay', N'', 0)
INSERT INTO MEDICALRECORD VALUES(60, 60, '2/10/2023', 37.9, 63, N'Sốt nhẹ', N'', 0)
INSERT INTO MEDICALRECORD VALUES(61, 61, '2/10/2023', 37.3, 55, N'Viêm họng', N'', 0)
INSERT INTO MEDICALRECORD VALUES(62, 62, '2/10/2022', 37.5, 63, N'Sâu răng', N'', 0)
INSERT INTO MEDICALRECORD VALUES(63, 63, '2/10/2023', 37.3, 78, N'Cảm cúm', N'', 0)
INSERT INTO MEDICALRECORD VALUES(64, 64, '2/10/2023', 37.4, 45, N'Gan nhiễm mỡ', N'', 0)
INSERT INTO MEDICALRECORD VALUES(65, 65, '2/10/2023', 37.6, 78, N'Trào dịch dạ dày', N'', 0)
INSERT INTO MEDICALRECORD VALUES(66, 66, '2/10/2022', 38.4, 60, N'Sốt rét', N'', 0)

--Thêm data PRESCRIPTION
INSERT INTO PRESCRIPTION VALUES(1,1,6)
INSERT INTO PRESCRIPTION VALUES(2,4,6)
INSERT INTO PRESCRIPTION VALUES(3,12,6)
INSERT INTO PRESCRIPTION VALUES(3,5,12)
INSERT INTO PRESCRIPTION VALUES(4,2,12)
INSERT INTO PRESCRIPTION VALUES(5,8,12)
INSERT INTO PRESCRIPTION VALUES(5,7,12)
INSERT INTO PRESCRIPTION VALUES(6,8,6)
INSERT INTO PRESCRIPTION VALUES(7,12,12)
INSERT INTO PRESCRIPTION VALUES(8,1,6)
INSERT INTO PRESCRIPTION VALUES(9,5,12)
INSERT INTO PRESCRIPTION VALUES(10,2,6)
INSERT INTO PRESCRIPTION VALUES(10,12,12)
INSERT INTO PRESCRIPTION VALUES(11,11,6)
INSERT INTO PRESCRIPTION VALUES(12,7,6)
INSERT INTO PRESCRIPTION VALUES(13,3,12)
INSERT INTO PRESCRIPTION VALUES(14,1,6)
INSERT INTO PRESCRIPTION VALUES(15,7,12)
INSERT INTO PRESCRIPTION VALUES(16,10,6)
INSERT INTO PRESCRIPTION VALUES(17,1,2)
INSERT INTO PRESCRIPTION VALUES(18,15,6)
INSERT INTO PRESCRIPTION VALUES(19,2,6)
INSERT INTO PRESCRIPTION VALUES(20,14,6)
INSERT INTO PRESCRIPTION VALUES(21,12,2)
INSERT INTO PRESCRIPTION VALUES(22,13,6)
INSERT INTO PRESCRIPTION VALUES(24,15,6)
INSERT INTO PRESCRIPTION VALUES(25,15,12)
INSERT INTO PRESCRIPTION VALUES(26,7,6)
INSERT INTO PRESCRIPTION VALUES(27,3,10)
INSERT INTO PRESCRIPTION VALUES(28,11,6)
INSERT INTO PRESCRIPTION VALUES(28,13,6)
INSERT INTO PRESCRIPTION VALUES(28,5,6)
INSERT INTO PRESCRIPTION VALUES(29,11,12)
INSERT INTO PRESCRIPTION VALUES(30,7,6)
INSERT INTO PRESCRIPTION VALUES(31,21,2)
INSERT INTO PRESCRIPTION VALUES(32,25,1)
INSERT INTO PRESCRIPTION VALUES(33,25,2)
INSERT INTO PRESCRIPTION VALUES(34,15,2)
INSERT INTO PRESCRIPTION VALUES(34,22,3)
INSERT INTO PRESCRIPTION VALUES(35,16,3)
INSERT INTO PRESCRIPTION VALUES(36,12,4)
INSERT INTO PRESCRIPTION VALUES(37,21,6)
INSERT INTO PRESCRIPTION VALUES(38,10,6)
INSERT INTO PRESCRIPTION VALUES(39,1,6)
INSERT INTO PRESCRIPTION VALUES(40,13,12)
INSERT INTO PRESCRIPTION VALUES(41,21,3)
INSERT INTO PRESCRIPTION VALUES(41,12,6)
INSERT INTO PRESCRIPTION VALUES(42,12,3)
INSERT INTO PRESCRIPTION VALUES(43,6,6)
INSERT INTO PRESCRIPTION VALUES(44,2,12)
INSERT INTO PRESCRIPTION VALUES(45,19,3)
INSERT INTO PRESCRIPTION VALUES(46,12,3)
INSERT INTO PRESCRIPTION VALUES(47,13,6)
INSERT INTO PRESCRIPTION VALUES(48,8,4)
INSERT INTO PRESCRIPTION VALUES(49,9,4)
INSERT INTO PRESCRIPTION VALUES(50,5,10)
INSERT INTO PRESCRIPTION VALUES(51,15,2)
INSERT INTO PRESCRIPTION VALUES(52,3,6)
INSERT INTO PRESCRIPTION VALUES(53,3,2)
INSERT INTO PRESCRIPTION VALUES(54,7,3)
INSERT INTO PRESCRIPTION VALUES(55,16,9)
INSERT INTO PRESCRIPTION VALUES(56,8,3)
INSERT INTO PRESCRIPTION VALUES(57,9,9)
INSERT INTO PRESCRIPTION VALUES(58,19,2)
INSERT INTO PRESCRIPTION VALUES(59,25,3)
INSERT INTO PRESCRIPTION VALUES(60,25,3)
INSERT INTO PRESCRIPTION VALUES(61,22,1)
INSERT INTO PRESCRIPTION VALUES(62,17,3)
INSERT INTO PRESCRIPTION VALUES(63,1,6)
INSERT INTO PRESCRIPTION VALUES(64,18,6)
INSERT INTO PRESCRIPTION VALUES(65,8,9)
INSERT INTO PRESCRIPTION VALUES(66,12,60)

--Thêm data vào SERVICEBILL
INSERT INTO SERVICEBILL VALUES(1,4,1)
INSERT INTO SERVICEBILL VALUES(2,4,1)
INSERT INTO SERVICEBILL VALUES(3,1,1)
INSERT INTO SERVICEBILL VALUES(4,21,1)
INSERT INTO SERVICEBILL VALUES(5,20,1)
INSERT INTO SERVICEBILL VALUES(6,4,1)
INSERT INTO SERVICEBILL VALUES(7,4,1)
INSERT INTO SERVICEBILL VALUES(8,12,1)
INSERT INTO SERVICEBILL VALUES(9,12,1)
INSERT INTO SERVICEBILL VALUES(10,11,1)
INSERT INTO SERVICEBILL VALUES(11,11,1)
INSERT INTO SERVICEBILL VALUES(12,4,1)
INSERT INTO SERVICEBILL VALUES(13,10,1)
INSERT INTO SERVICEBILL VALUES(14,10,1)
INSERT INTO SERVICEBILL VALUES(15,4,1)
INSERT INTO SERVICEBILL VALUES(16,21,1)
INSERT INTO SERVICEBILL VALUES(17,12,1)
INSERT INTO SERVICEBILL VALUES(18,4,1)
INSERT INTO SERVICEBILL VALUES(19,4,1)
INSERT INTO SERVICEBILL VALUES(20,4,1)
INSERT INTO SERVICEBILL VALUES(21,5,1)
INSERT INTO SERVICEBILL VALUES(22,20,1)
INSERT INTO SERVICEBILL VALUES(23,5,1)
INSERT INTO SERVICEBILL VALUES(24,14,1)
INSERT INTO SERVICEBILL VALUES(25,11,1)
INSERT INTO SERVICEBILL VALUES(26,12,1)
INSERT INTO SERVICEBILL VALUES(27,26,1)
INSERT INTO SERVICEBILL VALUES(28,33,1)
INSERT INTO SERVICEBILL VALUES(29,5,1)
INSERT INTO SERVICEBILL VALUES(30,20,1)
INSERT INTO SERVICEBILL VALUES(31,4,1)
INSERT INTO SERVICEBILL VALUES(32,4,1)
INSERT INTO SERVICEBILL VALUES(33,4,1)
INSERT INTO SERVICEBILL VALUES(34,4,1)
INSERT INTO SERVICEBILL VALUES(35,5,1)
INSERT INTO SERVICEBILL VALUES(36,4,1)
INSERT INTO SERVICEBILL VALUES(37,4,1)
INSERT INTO SERVICEBILL VALUES(38,4,1)
INSERT INTO SERVICEBILL VALUES(39,4,1)
INSERT INTO SERVICEBILL VALUES(40,5,1)
INSERT INTO SERVICEBILL VALUES(41,20,1)
INSERT INTO SERVICEBILL VALUES(42,4,1)
INSERT INTO SERVICEBILL VALUES(43,4,1)
INSERT INTO SERVICEBILL VALUES(44,11,1)
INSERT INTO SERVICEBILL VALUES(45,25,1)
INSERT INTO SERVICEBILL VALUES(46,4,1)
INSERT INTO SERVICEBILL VALUES(47,4,1)
INSERT INTO SERVICEBILL VALUES(48,11,1)
INSERT INTO SERVICEBILL VALUES(49,4,1)
INSERT INTO SERVICEBILL VALUES(50,4,1)
INSERT INTO SERVICEBILL VALUES(51,21,1)
INSERT INTO SERVICEBILL VALUES(52,25,1)
INSERT INTO SERVICEBILL VALUES(53,5,1)
INSERT INTO SERVICEBILL VALUES(54,4,1)
INSERT INTO SERVICEBILL VALUES(55,11,1)
INSERT INTO SERVICEBILL VALUES(56,11,1)
INSERT INTO SERVICEBILL VALUES(57,4,1)
INSERT INTO SERVICEBILL VALUES(58,19,1)
INSERT INTO SERVICEBILL VALUES(59,4,1)
INSERT INTO SERVICEBILL VALUES(60,4,1)
INSERT INTO SERVICEBILL VALUES(61,5,1)
INSERT INTO SERVICEBILL VALUES(62,33,1)
INSERT INTO SERVICEBILL VALUES(63,4,1)
INSERT INTO SERVICEBILL VALUES(64,28,1)
INSERT INTO SERVICEBILL VALUES(65,25,1)
INSERT INTO SERVICEBILL VALUES(66,4,1)

--Thêm data PERMISSION
INSERT INTO PERMISSION VALUES (0, 1, 1, 1, 1, 1, 1, 1)
INSERT INTO PERMISSION VALUES (1, 1, 0, 0, 0, 0, 0, 0)
INSERT INTO PERMISSION VALUES (2, 1, 0, 0, 0, 0, 0, 0)
INSERT INTO PERMISSION VALUES (3, 1, 1, 1, 1, 1, 1, 1)
INSERT INTO PERMISSION VALUES (4, 0, 0, 1, 0, 0, 0, 0)
